title,brand,maker,price,link
홍콩야자 쉐프렐라 중대형 실내음지식물 거실 개업 선물 화분 플랜테리어 키우기쉬운 나무,,,23000,https://smartstore.naver.com/main/products/11746493120
오렌지자스민 키우기쉬운식물 실내공기정화식물 대형 모종,,,41200,https://smartstore.naver.com/main/products/11534797692
향기나는 오렌지자스민 키우기 음지 거실 그늘 음지 반려 꽃피는 실내공기정화식물,청년모종,,2790,https://smartstore.naver.com/main/products/9976773571
필레아페페 실내음지 공기정화식물화초 인테리어거실화분 실내키우기쉬운 반려식물종류 플랜테리어,,,3200,https://smartstore.naver.com/main/products/4752675725
갑조네 실내 공기정화식물 화분세트 몬스테라 독일토분 13cm 플랜테리어 승진화분,갑조네,,11400,https://smartstore.naver.com/main/products/2290432549
실내공기정화식물 오렌지자스민 소형 키우기쉬운 반려식물 집들이 승진 축하화분,드셀플라워,,55000,https://smartstore.naver.com/main/products/2223096274
유칼립투스 화분 실내공기정화식물 키우기 쉬운 실내 반려식물,미스터허브,,3900,https://smartstore.naver.com/main/products/10430150520
스투키 중형 실내 공기정화식물 승진 축하 화분 플랜테리어 식물인테리어 청정식물,,,69900,https://smartstore.naver.com/main/products/7222529754
호야 실내음지 공기정화식물화초 인테리어거실화분 실내키우기쉬운 반려식물 종류 플랜테리어,,,2400,https://smartstore.naver.com/main/products/4648231991
행잉식물 행잉플랜트 키우기쉬운 반려식물 공중 늘어지는 음지 화분 플랜테리어 마끈 디시디아,피플랜트,,7900,https://smartstore.naver.com/main/products/2132946480
실내공기정화식물 스투키 승진화분 축하 영전 소형 플랜테리어 키우기쉬운 반려 식물,,,45000,https://smartstore.naver.com/main/products/6062305364
중형 (칼라)무늬벤자민고무나무 키우기 + 원형 세라믹 화분 실내공기정화식물 세트,꽃피우는청년,,45800,https://smartstore.naver.com/main/products/4570921522
유칼립투스 중형 독일토분 실내식물 키우기,,,33800,https://smartstore.naver.com/main/products/5240621511
보스톤 고사리 그늘에서잘자라는식물 먼지먹는 보스턴 고사리과 식물 화장실 화분 실내 화초,,,4800,https://smartstore.naver.com/main/products/5687097389
테이블야자 키우기 쉬운 실내공기정화식물 화분 인테리어,,,4100,https://smartstore.naver.com/main/products/8025768350
갑조네 미니화분 디시디아 그린 실내 공기정화식물 인테리어 공중식물 에어플랜트 행잉플랜트 플랜테리어 반려식물,갑조네,,3900,https://smartstore.naver.com/main/products/4956504549
이태리토분 핫쵸코 실내공기정화식물 몬스테라 반려 식물인테리어 승진축하화분 소형,농원청년,,56000,https://smartstore.naver.com/main/products/4875593067
갑조네 스킨답서스 소품 공기정화식물 플랜테리어 실내식물,갑조네,,2900,https://smartstore.naver.com/main/products/353065048
갑조네 홍콩야자 미니 어린이 체험학습 실내 공기정화식물 화분 학교 유치원,갑조네,,1600,https://smartstore.naver.com/main/products/9402636442
바오밥나무 아데니움 키우기 쉬운 작은식물 화분,,,15500,https://smartstore.naver.com/main/products/8896224325
실내공기정화식물 스투키 미세먼지 키우기쉬운 축하 반려 식물 플랜테리어 취임 영전 승진화분,플라워리퍼블릭,플라워리퍼블릭,44000,https://smartstore.naver.com/main/products/4960097643
핑크트리안 핑크브리즈 거실 음지 그늘 키우기쉬운 행잉플랜트 실내공기정화식물,청년모종,,4800,https://smartstore.naver.com/main/products/10547624955
호야 화분 실내공기정화식물 키우기 쉬운 실내 반려식물,미스터허브,,2900,https://smartstore.naver.com/main/products/7032823559
갑조네 스파티필름 소품 스파트 필럼 수경 재배 실내 공기정화식물 플랜테리어 반려식물 키우기,갑조네,,2800,https://smartstore.naver.com/main/products/353111042
식물쌀롱 아이비 실내 화초 넝쿨식물 행잉플랜트 청아이비,,,2400,https://smartstore.naver.com/main/products/9248771802
필로덴드론 버킨콩고 화이트 무늬 소품 콩고 실내식물,엑스플랜트,,4000,https://www.xplant.co.kr/shop/item.php?it_id=1697248324
실내공기정화식물 몬스테라 키우기쉬운 반려 식물인테리어 플랜테리어 승진축하화분 소형,농원청년,,53000,https://smartstore.naver.com/main/products/4684524751
떡갈고무나무 대형 실내 공기정화 식물 관엽식물 행복한꽃농원,행복한꽃농원,,56000,https://smartstore.naver.com/main/products/4885643444
갑조네 아스파라거스 나누스 고사리 감성 실내 공기정화 반려식물 음지 키우기 거실화분 감성 인테리어 플랜테리어 테라리움,갑조네,,3100,https://smartstore.naver.com/main/products/438615764
미리내가든 산소제조기 휘커스 움베르타 휘카스 실내식물 거실화분 개업 이사 승진 축하 화분,,,88000,https://smartstore.naver.com/main/products/9424489434
유칼립투스나무 폴리안 중형 실내거실감성식물 모카화분,,,38500,https://smartstore.naver.com/main/products/11338765933
대나무홍콩야자 쉐프렐라 40cm 중형 실내음지식물 거실화분 플랜테리어 키우기쉬운나무 수형,,,12000,https://smartstore.naver.com/main/products/11803501507
명품 아이비 70cm 식물만 실내공기정화식물 행잉플랜트 수경식물 걸이식물 양재꽃시장,,,7900,https://smartstore.naver.com/main/products/4842461222
스투키 실내 공기정화식물 거실 인테리어식물 집들이 선물 개업 영전 승진축하화분 배달,농원청년,,70000,https://smartstore.naver.com/main/products/7938798343
안스리움릴리핑크 실내음지 공기정화식물 화초 인테리어 거실화분 실내키우기쉬운 반려식물종류 플랜테리어,,,12500,https://smartstore.naver.com/main/products/5058092460
갑조네 덴드롱 소품 클레로덴드론 야생화 꽃 반려식물 인테리어 실내공기정화식물,갑조네,,2800,https://smartstore.naver.com/main/products/461248202
실내공기정화식물 아레카야자 키우기쉬운 반려 식물인테리어 플랜테리어 승진축하화분 중형,농원청년,,70000,https://smartstore.naver.com/main/products/5834215336
홍콩야자 쉐프렐라 S수형 실내공기정화식물 키우기 반려 식물인테리어 플랜테리어 승진축하화분,농원청년,,90000,https://smartstore.naver.com/main/products/11179460106
실내공기정화식물 홍콩야자 키우기쉬운 반려 식물인테리어 영전 취임 선물 승진축하화분 소형,농원청년,,53000,https://smartstore.naver.com/main/products/4836610471
다바나고사리 희귀식물 거실 음지 화초 플랜테리어 키우기 실내공기정화식물 양치류,청년모종,,6500,https://smartstore.naver.com/main/products/10085410962
칼라데아 오르비폴리아 키우기쉬운 실내식물 플랜테리어 공기정화식물,,,9500,https://smartstore.naver.com/main/products/6983389451
희귀품종 고사리 중품 무늬보스톤 고사리 양치식물 플랜테리어,,,8900,https://smartstore.naver.com/main/products/10078885025
아글라오네마 스노우 사파이어 승진화분 공기청정 미세먼지 수경식물 실내공기정화식물,,,12000,https://smartstore.naver.com/main/products/4833125538
이사벨라페페 실내음지 공기정화식물화초 인테리어거실화분 실내키우기쉬운 반려식물종류 플랜테리어,,,7500,https://smartstore.naver.com/main/products/4682200520
실내공기정화식물 몬스테라 키우기쉬운 반려 식물인테리어 플랜테리어 승진축하화분 소형,드셀플라워,,55000,https://smartstore.naver.com/main/products/392940892
갑조네 율마 소품 인테리어화분 실내공기정화식물 키우기 쉬운 반려식물 허브,갑조네,,3100,https://smartstore.naver.com/main/products/436599691
쿠페아 식물만 후페아 구피아 사계절 꽃피는식물 실내화초,,,8900,https://smartstore.naver.com/main/products/8325733700
마오리 소포라 실내공기정화식물 인테리어 플랜테리어 개업화분 집들이 선물,갑조네,,11900,https://smartstore.naver.com/main/products/2907668795
갑조네 호프셀렘 중품 개별배송 필로덴드롱 필로덴드론 셀럼 셀룸 셀로움 제나두 감성 인테리어 실내 공기정화식물 플랜테리어 반려식물 키우기,갑조네,,10300,https://smartstore.naver.com/main/products/4618053630
여인초 대형 실내공기정화식물 식물인테리어 플랜테리어 화초 나무 키우기 승진 축하화분,,,98000,https://smartstore.naver.com/main/products/6445509021
아레카야자 흰사기분 대형 실내 청정화분 이레카 야레카 화분 화초,,,108000,https://smartstore.naver.com/main/products/5132697292
대형 아레카야자 실내공기정화식물 인테리어 집들이선물 승진 축하화분,농원청년,,109000,https://smartstore.naver.com/main/products/9945075685
아디안텀 고사리 공기정화 희귀 양치 음지 키우기 쉬운 식물 행잉플랜트 플랜테리어,,,4900,https://smartstore.naver.com/main/products/5142607010
몬스테라 알보 바리에가타 보르시지아나 희귀식물 공기정화식물 실내식물 H시리즈,,,49000,https://smartstore.naver.com/main/products/10173918640
바로크벤자민 고무나무 집에서키우기쉬운식물 모종,,,21500,https://smartstore.naver.com/main/products/10037804920
갑조네 아디안텀 고사리 중품 음지 양치식물 관엽 실내공기정화식물,갑조네,,9800,https://smartstore.naver.com/main/products/10464054999
피쉬본 행잉식물 행잉플랜트 덩굴 넝쿨 키우기쉬운 식물 공중 늘어지는 음지 화분 플랜테리어,피플랜트,,22900,https://smartstore.naver.com/main/products/4833161614
필로덴드론 제나두 호프셀렘 실내공기정화 식물 화분 키우기,미스터허브,,4500,https://smartstore.naver.com/main/products/11074837188
후마타고사리 넉줄고사리 음지 그늘 거실 양치류 화초 실내공기정화식물,청년모종,,3200,https://smartstore.naver.com/main/products/10004468059
갑조네 몬스테라 아단소니 소품 오블리쿠아 구멍몬스테라 실내 공기정화식물 인테리어 화분 플랜테리어 키우기 쉬운 식물,갑조네,,4800,https://smartstore.naver.com/main/products/4634417319
아레카야자 대형 실내공기정화식물 인테리어 화분 행복한꽃농원,행복한꽃농원,,49000,https://smartstore.naver.com/main/products/5337373394
스투키 일자형 25cm 소형 사각 화이트 미니화분 실내공기정화식물 어버이날,,,10900,https://smartstore.naver.com/main/products/2295253019
립살리스 레인 식물만 실내공기정화식물 행잉플랜트 걸이식물 양재꽃시장,,,6000,https://smartstore.naver.com/main/products/7856793967
갑조네 칼라홍콩야자 무늬홍콩야자 실내공기정화식물 인테리어,갑조네,,2800,https://smartstore.naver.com/main/products/573458470
오레우스 스킨답서스 만줄라 희귀식물 실내공기정화식물 소품 대성식물,대성식물,,6900,https://smartstore.naver.com/main/products/9211358197
갑조네 허니산세베리아 하니 산세베리아 다육 실내 공기정화식물 개업선물 플랜테리어 키우기 쉬운 반려식물,갑조네,,2200,https://smartstore.naver.com/main/products/442861560
식물쌀롱 몬스테라 아단소니 중품 기본포트 구멍몬스테라 행잉식물 실내화초,,,12000,https://smartstore.naver.com/main/products/8112021822
몬스테라 아단소니 무늬 무단이 바리에가타 키우기쉬운 인테리어 분위기 연출 실내 식물,,,25000,https://smartstore.naver.com/main/products/10100596231
나비난 나비란 오션 무늬접란 화분 실내공기정화식물 키우기 쉬운 실내 반려식물,미스터허브,,2600,https://smartstore.naver.com/main/products/9387932454
긴잎 끈끈이주걱 벌레잡이 식충 실내 식물 카펜시스 알바 벌레퇴치 음지 화분 끈끈이 키우기,,,4500,https://smartstore.naver.com/main/products/5663964584
몬스테라 대형화분 실내식물 거실인테리어 행복한꽃농원,행복한꽃농원,,45000,https://smartstore.naver.com/main/products/6348144979
여인초 대형 실내공기정화식물 거실 인테리어 화분 행복한꽃농원,행복한꽃농원,,59000,https://smartstore.naver.com/main/products/4885616495
갑조네 실내공기정화식물 감성식물 플랜테리어 집들이선물 개업화분 테이블야자,갑조네,,2300,https://smartstore.naver.com/main/products/2109268487
갑조네 스킨답서스 중품 행잉 실내화초 수경 실내식물 개별배송,갑조네,,12000,https://smartstore.naver.com/main/products/559292927
파리지옥 식충식물 벌레잡이식물 모기퇴치 음지 키우기쉬운 반려식물,피플랜트,,5980,https://smartstore.naver.com/main/products/6668466644
몬스테라소형 실내음지공기정화식물화초 인테리어거실화분 실내키우기쉬운 반려식물종류 플랜테리어,,,2500,https://smartstore.naver.com/main/products/4702987886
갑조네 필레아페페 로미오이데스 필리아 동글동글 머니플랜트 실내 공기정화식물 플랜테리어 키우기 쉬운 식물,갑조네,,4500,https://smartstore.naver.com/main/products/6834923021
승진화분 영전선물 축하 메세지 문구인쇄 실내 공기정화식물 스투키 중형,화분이야기,,43800,https://smartstore.naver.com/main/products/2335940138
스파트필름 중형 실내공기정화식물,행복한꽃농원,,7000,https://smartstore.naver.com/main/products/11134018835
실내에서키우는 반음지식물 알리고무나무 중형화분,,,24900,https://smartstore.naver.com/main/products/11698058096
갑조네 엔젤 스킨답서스 소품 픽투스 행잉플랜트 플랜테리어 실내 공기정화식물 키우기 수입 희귀 넝쿨,갑조네,,3900,https://smartstore.naver.com/main/products/8413495267
갑조네 산세베리아 문샤인 소품 반려식물 키우기 쉬운 식물 은은한 매력 실내 공기정화식물 플랜테리어 다육,갑조네,,6400,https://smartstore.naver.com/main/products/2290651686
안스리움 클라리네비움 하트모양 잎 키우기쉬운 실내인테리어 공기정화 식물,,,15000,https://smartstore.naver.com/main/products/9630445541
엔젤 아글라오네마 아글레오네마 쉬운 실내 공기정화 식물 화분 수경재배 수생 키우기,,,4800,https://smartstore.naver.com/main/products/5050568942
명품 하트 아이비 60cm 이상 식물만 실내공기정화식물 행잉플랜트 양재꽃시장,,,7000,https://smartstore.naver.com/main/products/6995594402
갑조네 몬스테라 델리시오사 실내 공기정화식물 몬스테리아 인테리어화분 플랜테리어 키우기 쉬운 반려식물,갑조네,,2800,https://smartstore.naver.com/main/products/2267689723
식물쌀롱 카랑코에 꽃 칼란디바 생화 꽃다발같은 칼랑코에,,,3500,https://smartstore.naver.com/main/products/6090880972
무늬 보스턴 고사리 양치 희귀 야광 형광 프릴 특이한 거실 키우기 실내 공기정화 식물,,,7500,https://smartstore.naver.com/main/products/6809860430
아스파라거스 메이리 왕대품 여우꼬리 반음지 베란다 월동 키우기쉬운 실내공기정화식물,대성식물,,39000,https://smartstore.naver.com/main/products/9489145394
아레카야자 실내공기정화식물 반려식물 플랜테리어 취임 영전 디자인 사무실 미적 승진축하화분,,,68000,https://smartstore.naver.com/main/products/7784917487
필로덴드론 호프 셀렘 소품 셀럼 셀륨 셀룸 셀로움 신품종 실내공기정화 식물 플랜테리어,,,3500,https://smartstore.naver.com/main/products/5638788550
갑조네 아비스 고사리 수경재배 키우기 쉬운 반려식물 실내 공기정화 플랜테리어,갑조네,,3100,https://smartstore.naver.com/main/products/2003524820
다바나고사리 실내 음지 공기정화식물화초 인테리어거실화분 실내키우기쉬운 반려식물종류 플랜테리어,,,6900,https://smartstore.naver.com/main/products/7631750663
실내공기정화식물 여인초 키우기쉬운 반려 식물인테리어 집들이 플랜테리어 승진축하화분 중형,농원청년,,70000,https://smartstore.naver.com/main/products/5459670764
실내공기정화식물 여인초 키우기쉬운 반려식물 공간 식물인테리어 플랜테리어 승진축하화분,,,68000,https://smartstore.naver.com/main/products/5565802681
갑조네 무늬 콩고나무 소품 필로덴드론버킨 필로덴드롱 실내 공기정화식물 플랜테리어 거실화분 반려식물 키우기,갑조네,,4800,https://smartstore.naver.com/main/products/5060799744
갑조네 싱고니움 싱고늄 실내공기정화식물 키우기쉬운식물,갑조네,,2500,https://smartstore.naver.com/main/products/345964383
핑크브리즈 핑크 트리안 무늬 뮤렌베키아 행잉 덩굴 행잉플랜트 반려식물 기본 화분,,,3800,https://smartstore.naver.com/main/products/8991991319
갑조네 오레우스 스킨답서스 소품 덩굴식물 실내 거실 음지 행잉 공기정화식물,,,5500,https://smartstore.naver.com/main/products/11488484145
아스파라거스 나누스 키우기 쉬운 실내 공기정화 관엽 식물 화분 여우꼬리 세타세우스,,,2700,https://smartstore.naver.com/main/products/4932012743
